accuracy,f1_macro,roc_auc
0.825,0.8158789327652598,0.9338860686828777
