accuracy,f1_macro,roc_auc
0.8318181818181818,0.8192535278790648,0.9352999634453149
