accuracy,f1_macro,roc_auc
0.8318181818181818,0.8194345915797449,0.9343033727509554
