test_accuracy,test_f1_macro,test_f1_poor,test_f1_standard,test_f1_good
0.8318181818181818,0.8192535278790648,0.8096366508688784,0.7945368171021377,0.8535871156661786
