test_accuracy,test_f1_macro,test_f1_poor,test_f1_standard,test_f1_good
0.8318181818181818,0.8194345915797449,0.8109610802223988,0.7943262411347518,0.8530164533820841
