test_accuracy,test_f1_macro,test_f1_poor,test_f1_standard,test_f1_good
0.825,0.8158789327652598,0.8093385214007782,0.7959754052543321,0.8423228716406691
